<?xml version="1.0" encoding="UTF-8"?>
<!--
 ~  Copyright (c) 2016, WSO2 Inc. (http://www.wso2.org) All Rights Reserved.
 ~
 ~  WSO2 Inc. licenses this file to you under the Apache License,
 ~  Version 2.0 (the "License"); you may not use this file except
 ~  in compliance with the License.
 ~  You may obtain a copy of the License at
 ~
 ~    http://www.apache.org/licenses/LICENSE-2.0
 ~
 ~  Unless required by applicable law or agreed to in writing,
 ~  software distributed under the License is distributed on an
 ~  "AS IS" BASIS, WITHOUT WARRANTIES OR CONDITIONS OF ANY
 ~  KIND, either express or implied.  See the License for the
 ~  specific language governing permissions and limitations
 ~  under the License.
-->
<component name="twitter-lists" type="synapse/template">
    <subComponents>
        <component name="getLists">
            <file>getLists.xml</file>
            <description>Returns all lists the authenticating or specified user subscribes to,
                including their own. The
                user is specified using the user_id or screen_name parameters. If no user is given,
                the authenticating
                user is used.
            </description>
        </component>
        <component name="getListsMemberships">
            <file>getListsMemberships.xml</file>
            <description>Returns the lists the specified user has been added to. If user_id or
                screen_name are not
                provided the memberships for the authenticating user are returned.
            </description>
        </component>
        <component name="createLists">
            <file>createLists.xml</file>
            <description>Creates a new list for the authenticated user.</description>
        </component>
        <component name="getListsOwnerships">
            <file>getListsOwnerships.xml</file>
            <description>Get the lists owned by the specified Twitter user.</description>
        </component>
        <component name="destroyLists">
            <file>destroyLists.xml</file>
            <description>Get the lists owned by the specified Twitter user.</description>
        </component>
        <component name="updateLists">
            <file>updateLists.xml</file>
            <description>Updates the specified list.</description>
        </component>
    </subComponents>
</component>
