<?xml version="1.0" encoding="UTF-8"?>
<!--
 ~  Copyright (c) 2016, WSO2 Inc. (http://www.wso2.org) All Rights Reserved.
 ~
 ~  WSO2 Inc. licenses this file to you under the Apache License,
 ~  Version 2.0 (the "License"); you may not use this file except
 ~  in compliance with the License.
 ~  You may obtain a copy of the License at
 ~
 ~    http://www.apache.org/licenses/LICENSE-2.0
 ~
 ~  Unless required by applicable law or agreed to in writing,
 ~  software distributed under the License is distributed on an
 ~  "AS IS" BASIS, WITHOUT WARRANTIES OR CONDITIONS OF ANY
 ~  KIND, either express or implied.  See the License for the
 ~  specific language governing permissions and limitations
 ~  under the License.
-->
<component name="twitter-tweets" type="synapse/template">
    <subComponents>
        <component name="getStatusesRetweetsById">
            <file>getStatusesRetweetsById.xml</file>
            <description>Returns a collection of the 100 most recent retweets of the tweet specified
                by the id parameter.
            </description>
        </component>
        <component name="showStatusesById">
            <file>showStatusesById.xml</file>
            <description>Returns a single Tweet, specified by the id parameter.
            </description>
        </component>
        <component name="retweets">
            <file>retweets.xml</file>
            <description>Retweets a tweet. Returns the original tweet with retweet details embedded.
            </description>
        </component>
        <component name="destroyStatusById">
            <file>destroyStatusById.xml</file>
            <description>Destroys the status specified by the required ID parameter
            </description>
        </component>
    </subComponents>
</component>
