<?xml version="1.0" encoding="UTF-8"?>
<!--
 ~  Copyright (c) 2016, WSO2 Inc. (http://www.wso2.org) All Rights Reserved.
 ~
 ~  WSO2 Inc. licenses this file to you under the Apache License,
 ~  Version 2.0 (the "License"); you may not use this file except
 ~  in compliance with the License.
 ~  You may obtain a copy of the License at
 ~
 ~    http://www.apache.org/licenses/LICENSE-2.0
 ~
 ~  Unless required by applicable law or agreed to in writing,
 ~  software distributed under the License is distributed on an
 ~  "AS IS" BASIS, WITHOUT WARRANTIES OR CONDITIONS OF ANY
 ~  KIND, either express or implied.  See the License for the
 ~  specific language governing permissions and limitations
 ~  under the License.
-->
<component name="twitter-favorites" type="synapse/template">
    <subComponents>
        <component name="getFavoritesList">
            <file>getFavoritesList.xml</file>
            <description>Returns the 20 most recent Tweets favorited by the authenticating or
                specified user.
            </description>
        </component>
        <component name="createFavorites">
            <file>createFavorites.xml</file>
            <description>Favorites the status specified in the ID parameter as the authenticating
                user. Returns the
                favorite status when successful.
                This process invoked by this method is asynchronous. The immediately returned status
                may not indicate
                the resultant favorited status of the tweet. A 200 OK response from this method will
                indicate whether
                the intended action was successful or not.
            </description>
        </component>
        <component name="destroyFavorites">
            <file>destroyFavorites.xml</file>
            <description>Un-favorites the status specified in the ID parameter as the authenticating
                user. Returns the
                un-favorited status in the requested format when successful.
                This process invoked by this method is asynchronous. The immediately returned status
                may not indicate
                the resultant favorited status of the tweet. A 200 OK response from this method will
                indicate whether
                the intended action was successful or not.
            </description>
        </component>
    </subComponents>
</component>
