<?xml version="1.0" encoding="utf-8"?>
<!--
 ~  Copyright (c) 2016, WSO2 Inc. (http://www.wso2.org) All Rights Reserved.
 ~
 ~  WSO2 Inc. licenses this file to you under the Apache License,
 ~  Version 2.0 (the "License"); you may not use this file except
 ~  in compliance with the License.
 ~  You may obtain a copy of the License at
 ~
 ~    http://www.apache.org/licenses/LICENSE-2.0
 ~
 ~  Unless required by applicable law or agreed to in writing,
 ~  software distributed under the License is distributed on an
 ~  "AS IS" BASIS, WITHOUT WARRANTIES OR CONDITIONS OF ANY
 ~  KIND, either express or implied.  See the License for the
 ~  specific language governing permissions and limitations
 ~  under the License.
-->
<template xmlns="http://ws.apache.org/ns/synapse" name="init">
    <parameter name="consumerKey" description="The consumer key of the Twitter account."/>
    <parameter name="consumerSecret" description="The consumer secret of the Twitter account."/>
    <parameter name="accessToken" description="The access token of the Twitter account."/>
    <parameter name="accessTokenSecret" description="The access token secret of the Twitter account."/>
    <parameter name="apiUrl" description="The URL of the Twitter REST API"/>
    <sequence>
        <property name="uri.var.apiUrl" expression="$func:apiUrl"/>
        <!-- If the apiUrl is not specified, set the default value as https://api.twitter.com -->
        <filter source="boolean(get-property('uri.var.apiUrl'))" regex="true">
            <then>
                <property name="uri.var.apiUrl" expression="get-property('uri.var.apiUrl')"/>
            </then>
            <else>
                <property name="uri.var.apiUrl" value="https://api.twitter.com"/>
            </else>
        </filter>
        <property expression="$func:consumerKey" name="twitter.consumerKey"
                  type="STRING"/>
        <property expression="$func:consumerSecret" name="twitter.consumerSecret"
                  type="STRING"/>
        <property expression="$func:accessToken" name="twitter.accessToken"
                  type="STRING"/>
        <property expression="$func:accessTokenSecret" name="twitter.accessTokenSecret"
                  type="STRING"/>
    </sequence>
</template>
